{
  "ch0": {
    "min": 0.021439761612418146,
    "max": 1.120665004829848
  },
  "ch1": {
    "min": -0.06556150287823662,
    "max": 0.1280431036129585
  },
  "ch2": {
    "min": -0.046066182070669995,
    "max": 0.07370042537103184
  },
  "ready": true
}